mx90498793,8d58b448-7d5f-3e87-8398-464b788f425c
yushiou,d8430ff6-eec6-361f-8749-9dda5c586b98
allen,d47e6208-2939-3ac7-a7d4-f1a8cec5ff04
jerryu29,7ec68e60-b88a-37f7-92b4-d946b7bfba3b
fredyea,3bd6dd21-b03e-3591-ab95-b403be4538c7
hibiki182,59646b79-0dd1-333b-b733-f11205fa7b20
basic_balion,38078fe7-7472-370e-97c0-101b66d4f158
vu06m6,09ffa186-59e4-39c1-ae3f-9ea71e43f428
pig,42835048-47ba-3c95-bcbd-f0e6fd38ef2b
shortkyo,0dc74ed8-ddaa-327a-bfbc-74ac07d520fe
apple,7785d5ca-3e63-37a8-b98c-88a8fec8a10d
mogoo,a1972800-a674-3a06-9d05-ead72d51b7f8
lric,33affe98-46e6-3be6-8c1d-14d0d403d30c
taiwankeiki,f5896853-66b3-33ca-b2bb-0ca17952b37b
biteyou74,6332fb17-fea2-3fc3-8fed-0ffc8f217734
spycat005,b5dac479-b96a-3217-8a83-eca4929e2345
ken,68eebd44-3f9e-37d9-88d6-b9c3080fc688
tofu_iris,a1312790-a681-3259-a86f-755851ce8917
appa1423,203a046a-6df7-3440-9e30-cb0aab9563ce
tofu_ivan,72607bdf-fb46-329f-8e87-7ec94229cfa0
aforward3326,db071beb-bbd9-3849-9115-2dba8c71dbf7
kevinkaikai,27ed43bb-cfa5-3eda-9400-44cf1c1d0cb8
wolf,ee8694ea-fd3e-3147-b6b9-091b6ee967a3
moboro,c68c421c-fbfd-30a2-9fd1-89c8fa5708e9
ochinbo,9057ccf1-84d0-3401-b238-b9b615506f4e
powerpu,3cd0fc56-1610-3e1a-bc59-42406506f272
caber588,b9d15027-41f6-3079-9f95-dd57e9cf0bf1
kevinchiu,c49981d0-0dfa-3ee9-b083-07d924d1bca5
rgps3725,df971845-ac43-3db5-814a-b9691b70cd8f
rockog,1fe74544-2840-3abf-9705-a5a66a176538
andy,e89ebd72-61f6-3384-bbba-f8256df5f034
lric_moon,0c003cce-da73-3f39-bbdd-a91be6be8261
keisari1313,b6f17fb8-bb9a-3464-96a3-2895b2284bef
rachelth884,dfef87ad-5aa6-35ce-b8bf-ef5d76b3ef6c
cov2019,c765ec6a-b920-3080-a139-d655d128e7d4
selina,3d924443-11d4-347b-999b-ebee908bfaae
aken,baed01fa-ec48-35ae-936e-572fac74b85b
